,ROUGE-1,ROUGE-2,ROUGE-L,BLEU,Inference Time (s),Model Size (GB),TOPSIS Score,Rank
Pegasus,0.52,0.26,0.46,0.38,1.1,1.8,0.7532349607033446,1
T5,0.5,0.24,0.44,0.35,1.0,2.0,0.6828323513342222,2
BART,0.45,0.22,0.4,0.32,1.2,1.5,0.6442535510541815,3
GPT-3.5,0.48,0.23,0.42,0.34,0.9,3.2,0.2761219084910896,4
